{
  "的": 0.1,
  "一": 0.09970000000000001,
  "是": 0.0994,
  "不": 0.09910000000000001,
  "了": 0.0988,
  "在": 0.0985,
  "人": 0.09820000000000001,
  "有": 0.0979,
  "我": 0.0976,
  "他": 0.09730000000000001,
  "这": 0.097,
  "个": 0.09670000000000001,
  "们": 0.0964,
  "中": 0.0961,
  "来": 0.09580000000000001,
  "上": 0.0955,
  "大": 0.0952,
  "为": 0.09490000000000001,
  "和": 0.0946,
  "国": 0.09430000000000001,
  "地": 0.094,
  "到": 0.0937,
  "以": 0.09340000000000001,
  "说": 0.0931,
  "时": 0.09280000000000001,
  "要": 0.0925,
  "就": 0.0922,
  "出": 0.09190000000000001,
  "会": 0.0916,
  "可": 0.0913,
  "也": 0.09100000000000001,
  "你": 0.0907,
  "对": 0.09040000000000001,
  "生": 0.09010000000000001,
  "能": 0.0898,
  "而": 0.08950000000000001,
  "子": 0.0892,
  "那": 0.0889,
  "得": 0.08860000000000001,
  "于": 0.0883,
  "着": 0.08800000000000001,
  "下": 0.0877,
  "自": 0.0874,
  "之": 0.08710000000000001,
  "年": 0.0868,
  "过": 0.08650000000000001,
  "发": 0.08620000000000001,
  "后": 0.0859,
  "作": 0.08560000000000001,
  "里": 0.0853,
  "用": 0.085,
  "道": 0.08470000000000001,
  "行": 0.0844,
  "所": 0.08410000000000001,
  "然": 0.08380000000000001,
  "家": 0.0835,
  "种": 0.08320000000000001,
  "事": 0.0829,
  "成": 0.0826,
  "方": 0.08230000000000001,
  "多": 0.082,
  "经": 0.08170000000000001,
  "么": 0.0814,
  "去": 0.0811,
  "法": 0.08080000000000001,
  "学": 0.0805,
  "如": 0.08020000000000001,
  "都": 0.0799,
  "同": 0.0796,
  "现": 0.07930000000000001,
  "当": 0.07900000000000001,
  "没": 0.0787,
  "动": 0.07840000000000001,
  "面": 0.0781,
  "起": 0.07780000000000001,
  "看": 0.07750000000000001,
  "定": 0.0772,
  "天": 0.07690000000000001,
  "分": 0.0766,
  "还": 0.0763,
  "进": 0.07600000000000001,
  "好": 0.0757,
  "小": 0.07540000000000001,
  "部": 0.0751,
  "其": 0.0748,
  "些": 0.07450000000000001,
  "主": 0.07420000000000002,
  "样": 0.07390000000000001,
  "理": 0.07360000000000001,
  "心": 0.0733,
  "她": 0.07300000000000001,
  "本": 0.07270000000000001,
  "前": 0.0724,
  "开": 0.07210000000000001,
  "但": 0.0718,
  "因": 0.07150000000000001,
  "只": 0.07120000000000001,
  "从": 0.0709,
  "想": 0.07060000000000001,
  "实": 0.0703,
  "日": 0.07,
  "军": 0.06970000000000001,
  "者": 0.0694,
  "意": 0.06910000000000001,
  "无": 0.0688,
  "力": 0.0685,
  "它": 0.06820000000000001,
  "与": 0.06790000000000002,
  "长": 0.06760000000000001,
  "把": 0.0673,
  "机": 0.067,
  "十": 0.06670000000000001,
  "民": 0.06640000000000001,
  "第": 0.0661,
  "公": 0.06580000000000001,
  "此": 0.0655,
  "已": 0.06520000000000001,
  "工": 0.06490000000000001,
  "使": 0.06460000000000002,
  "情": 0.06430000000000001,
  "明": 0.064,
  "性": 0.0637,
  "知": 0.06340000000000001,
  "全": 0.06310000000000002,
  "三": 0.06280000000000001,
  "又": 0.0625,
  "关": 0.06220000000000001,
  "点": 0.06190000000000001,
  "正": 0.06160000000000001,
  "业": 0.06130000000000001,
  "外": 0.061000000000000006,
  "将": 0.06070000000000001,
  "两": 0.06040000000000001,
  "高": 0.06010000000000001,
  "间": 0.059800000000000006,
  "由": 0.05950000000000001,
  "问": 0.05920000000000001,
  "很": 0.05890000000000001,
  "最": 0.058600000000000006,
  "重": 0.05830000000000001,
  "并": 0.05800000000000001,
  "物": 0.05770000000000001,
  "手": 0.05740000000000001,
  "应": 0.05710000000000001,
  "战": 0.05680000000000001,
  "向": 0.05650000000000001,
  "头": 0.05620000000000001,
  "文": 0.05590000000000001,
  "体": 0.05560000000000001,
  "政": 0.05530000000000001,
  "美": 0.05500000000000001,
  "相": 0.05470000000000001,
  "见": 0.05440000000000001,
  "被": 0.05410000000000001,
  "利": 0.05380000000000001,
  "什": 0.05350000000000001,
  "二": 0.05320000000000001,
  "等": 0.05290000000000001,
  "产": 0.05260000000000001,
  "或": 0.05230000000000001,
  "新": 0.05200000000000001,
  "己": 0.05170000000000001,
  "制": 0.05140000000000001,
  "身": 0.051100000000000007,
  "果": 0.05080000000000001,
  "加": 0.05050000000000001,
  "西": 0.05020000000000001,
  "斯": 0.04990000000000001,
  "月": 0.04960000000000001,
  "话": 0.04930000000000001,
  "合": 0.04900000000000001,
  "回": 0.04870000000000001,
  "特": 0.04840000000000001,
  "代": 0.04810000000000001,
  "内": 0.04780000000000001,
  "信": 0.04750000000000001,
  "表": 0.04720000000000001,
  "化": 0.04690000000000001,
  "老": 0.04660000000000001,
  "给": 0.04630000000000001,
  "世": 0.04600000000000001
}